﻿"LOCATION","Country","TRANSACT","Transaction","MEASURE","Measure","TIME","Year","Unit Code","Unit","PowerCode Code","PowerCode","Reference Period Code","Reference Period","Value","Flag Codes","Flags"
"ITA","Italy","PPPGDP","Purchasing Power Parities for GDP","CD","National currency per US dollar","2003","2003","EUR","Euro","0","Units",,,0.834375,,
"ITA","Italy","PPPGDP","Purchasing Power Parities for GDP","CD","National currency per US dollar","2004","2004","EUR","Euro","0","Units",,,0.852637,,
"ITA","Italy","PPPGDP","Purchasing Power Parities for GDP","CD","National currency per US dollar","2005","2005","EUR","Euro","0","Units",,,0.855139,,
"ITA","Italy","PPPGDP","Purchasing Power Parities for GDP","CD","National currency per US dollar","2006","2006","EUR","Euro","0","Units",,,0.823835,,
"ITA","Italy","PPPGDP","Purchasing Power Parities for GDP","CD","National currency per US dollar","2007","2007","EUR","Euro","0","Units",,,0.810223,,
"ITA","Italy","PPPGDP","Purchasing Power Parities for GDP","CD","National currency per US dollar","2008","2008","EUR","Euro","0","Units",,,0.783694,,
"ITA","Italy","PPPGDP","Purchasing Power Parities for GDP","CD","National currency per US dollar","2009","2009","EUR","Euro","0","Units",,,0.770581,,
"ITA","Italy","PPPGDP","Purchasing Power Parities for GDP","CD","National currency per US dollar","2010","2010","EUR","Euro","0","Units",,,0.772612,,
"ITA","Italy","PPPGDP","Purchasing Power Parities for GDP","CD","National currency per US dollar","2011","2011","EUR","Euro","0","Units",,,0.758687,,
"ITA","Italy","PPPGDP","Purchasing Power Parities for GDP","CD","National currency per US dollar","2012","2012","EUR","Euro","0","Units",,,0.747731,,
"ITA","Italy","PPPGDP","Purchasing Power Parities for GDP","CD","National currency per US dollar","2013","2013","EUR","Euro","0","Units",,,0.737299,,
"ITA","Italy","PPPGDP","Purchasing Power Parities for GDP","CD","National currency per US dollar","2014","2014","EUR","Euro","0","Units",,,0.739644,,
"ITA","Italy","PPPGDP","Purchasing Power Parities for GDP","CD","National currency per US dollar","2015","2015","EUR","Euro","0","Units",,,0.738495,,
"ITA","Italy","PPPGDP","Purchasing Power Parities for GDP","CD","National currency per US dollar","2016","2016","EUR","Euro","0","Units",,,0.700615,,
"ITA","Italy","PPPGDP","Purchasing Power Parities for GDP","CD","National currency per US dollar","2017","2017","EUR","Euro","0","Units",,,0.686535,,
"ITA","Italy","PPPGDP","Purchasing Power Parities for GDP","CD","National currency per US dollar","2018","2018","EUR","Euro","0","Units",,,0.682701,,
"ITA","Italy","PPPGDP","Purchasing Power Parities for GDP","CD","National currency per US dollar","2019","2019","EUR","Euro","0","Units",,,0.674636,,
"CHE","Switzerland","PPPGDP","Purchasing Power Parities for GDP","CD","National currency per US dollar","2003","2003","CHF","Swiss Franc","0","Units",,,1.717124,,
"CHE","Switzerland","PPPGDP","Purchasing Power Parities for GDP","CD","National currency per US dollar","2004","2004","CHF","Swiss Franc","0","Units",,,1.693341,,
"CHE","Switzerland","PPPGDP","Purchasing Power Parities for GDP","CD","National currency per US dollar","2005","2005","CHF","Swiss Franc","0","Units",,,1.686548,,
"CHE","Switzerland","PPPGDP","Purchasing Power Parities for GDP","CD","National currency per US dollar","2006","2006","CHF","Swiss Franc","0","Units",,,1.600778,,
"CHE","Switzerland","PPPGDP","Purchasing Power Parities for GDP","CD","National currency per US dollar","2007","2007","CHF","Swiss Franc","0","Units",,,1.533726,,
"CHE","Switzerland","PPPGDP","Purchasing Power Parities for GDP","CD","National currency per US dollar","2008","2008","CHF","Swiss Franc","0","Units",,,1.493049,,
"CHE","Switzerland","PPPGDP","Purchasing Power Parities for GDP","CD","National currency per US dollar","2009","2009","CHF","Swiss Franc","0","Units",,,1.468648,,
"CHE","Switzerland","PPPGDP","Purchasing Power Parities for GDP","CD","National currency per US dollar","2010","2010","CHF","Swiss Franc","0","Units",,,1.465083,,
"CHE","Switzerland","PPPGDP","Purchasing Power Parities for GDP","CD","National currency per US dollar","2011","2011","CHF","Swiss Franc","0","Units",,,1.397498,,
"CHE","Switzerland","PPPGDP","Purchasing Power Parities for GDP","CD","National currency per US dollar","2012","2012","CHF","Swiss Franc","0","Units",,,1.354072,,
"CHE","Switzerland","PPPGDP","Purchasing Power Parities for GDP","CD","National currency per US dollar","2013","2013","CHF","Swiss Franc","0","Units",,,1.312477,,
"CHE","Switzerland","PPPGDP","Purchasing Power Parities for GDP","CD","National currency per US dollar","2014","2014","CHF","Swiss Franc","0","Units",,,1.281761,,
"CHE","Switzerland","PPPGDP","Purchasing Power Parities for GDP","CD","National currency per US dollar","2015","2015","CHF","Swiss Franc","0","Units",,,1.235456,,
"CHE","Switzerland","PPPGDP","Purchasing Power Parities for GDP","CD","National currency per US dollar","2016","2016","CHF","Swiss Franc","0","Units",,,1.202086,,
"CHE","Switzerland","PPPGDP","Purchasing Power Parities for GDP","CD","National currency per US dollar","2017","2017","CHF","Swiss Franc","0","Units",,,1.179916,,
"CHE","Switzerland","PPPGDP","Purchasing Power Parities for GDP","CD","National currency per US dollar","2018","2018","CHF","Swiss Franc","0","Units",,,1.167667,,
"CHE","Switzerland","PPPGDP","Purchasing Power Parities for GDP","CD","National currency per US dollar","2019","2019","CHF","Swiss Franc","0","Units",,,1.155471,,
"DNK","Denmark","PPPGDP","Purchasing Power Parities for GDP","CD","National currency per US dollar","2003","2003","DKK","Danish Krone","0","Units",,,8.657312,,
"DNK","Denmark","PPPGDP","Purchasing Power Parities for GDP","CD","National currency per US dollar","2004","2004","DKK","Danish Krone","0","Units",,,8.467503,,
"DNK","Denmark","PPPGDP","Purchasing Power Parities for GDP","CD","National currency per US dollar","2005","2005","DKK","Danish Krone","0","Units",,,8.569438,,
"DNK","Denmark","PPPGDP","Purchasing Power Parities for GDP","CD","National currency per US dollar","2006","2006","DKK","Danish Krone","0","Units",,,8.297116,,
"DNK","Denmark","PPPGDP","Purchasing Power Parities for GDP","CD","National currency per US dollar","2007","2007","DKK","Danish Krone","0","Units",,,8.170935,,
"DNK","Denmark","PPPGDP","Purchasing Power Parities for GDP","CD","National currency per US dollar","2008","2008","DKK","Danish Krone","0","Units",,,7.944128,,
"DNK","Denmark","PPPGDP","Purchasing Power Parities for GDP","CD","National currency per US dollar","2009","2009","DKK","Danish Krone","0","Units",,,7.7237,,
"DNK","Denmark","PPPGDP","Purchasing Power Parities for GDP","CD","National currency per US dollar","2010","2010","DKK","Danish Krone","0","Units",,,7.585765,,
"DNK","Denmark","PPPGDP","Purchasing Power Parities for GDP","CD","National currency per US dollar","2011","2011","DKK","Danish Krone","0","Units",,,7.466492,,
"DNK","Denmark","PPPGDP","Purchasing Power Parities for GDP","CD","National currency per US dollar","2012","2012","DKK","Danish Krone","0","Units",,,7.564136,,
"DNK","Denmark","PPPGDP","Purchasing Power Parities for GDP","CD","National currency per US dollar","2013","2013","DKK","Danish Krone","0","Units",,,7.354846,,
"DNK","Denmark","PPPGDP","Purchasing Power Parities for GDP","CD","National currency per US dollar","2014","2014","DKK","Danish Krone","0","Units",,,7.328674,,
"DNK","Denmark","PPPGDP","Purchasing Power Parities for GDP","CD","National currency per US dollar","2015","2015","DKK","Danish Krone","0","Units",,,7.303397,,
"DNK","Denmark","PPPGDP","Purchasing Power Parities for GDP","CD","National currency per US dollar","2016","2016","DKK","Danish Krone","0","Units",,,7.080572,,
"DNK","Denmark","PPPGDP","Purchasing Power Parities for GDP","CD","National currency per US dollar","2017","2017","DKK","Danish Krone","0","Units",,,6.851847,,
"DNK","Denmark","PPPGDP","Purchasing Power Parities for GDP","CD","National currency per US dollar","2018","2018","DKK","Danish Krone","0","Units",,,6.775072,,
"DNK","Denmark","PPPGDP","Purchasing Power Parities for GDP","CD","National currency per US dollar","2019","2019","DKK","Danish Krone","0","Units",,,6.746471,,
"AUT","Austria","PPPGDP","Purchasing Power Parities for GDP","CD","National currency per US dollar","2003","2003","EUR","Euro","0","Units",,,0.889139,,
"AUT","Austria","PPPGDP","Purchasing Power Parities for GDP","CD","National currency per US dollar","2004","2004","EUR","Euro","0","Units",,,0.878875,,
"AUT","Austria","PPPGDP","Purchasing Power Parities for GDP","CD","National currency per US dollar","2005","2005","EUR","Euro","0","Units",,,0.881939,,
"AUT","Austria","PPPGDP","Purchasing Power Parities for GDP","CD","National currency per US dollar","2006","2006","EUR","Euro","0","Units",,,0.861063,,
"AUT","Austria","PPPGDP","Purchasing Power Parities for GDP","CD","National currency per US dollar","2007","2007","EUR","Euro","0","Units",,,0.869081,,
"AUT","Austria","PPPGDP","Purchasing Power Parities for GDP","CD","National currency per US dollar","2008","2008","EUR","Euro","0","Units",,,0.854424,,
"AUT","Austria","PPPGDP","Purchasing Power Parities for GDP","CD","National currency per US dollar","2009","2009","EUR","Euro","0","Units",,,0.84292,,
"AUT","Austria","PPPGDP","Purchasing Power Parities for GDP","CD","National currency per US dollar","2010","2010","EUR","Euro","0","Units",,,0.841628,,
"AUT","Austria","PPPGDP","Purchasing Power Parities for GDP","CD","National currency per US dollar","2011","2011","EUR","Euro","0","Units",,,0.831374,,
"AUT","Austria","PPPGDP","Purchasing Power Parities for GDP","CD","National currency per US dollar","2012","2012","EUR","Euro","0","Units",,,0.813648,,
"AUT","Austria","PPPGDP","Purchasing Power Parities for GDP","CD","National currency per US dollar","2013","2013","EUR","Euro","0","Units",,,0.797081,,
"AUT","Austria","PPPGDP","Purchasing Power Parities for GDP","CD","National currency per US dollar","2014","2014","EUR","Euro","0","Units",,,0.798797,,
"AUT","Austria","PPPGDP","Purchasing Power Parities for GDP","CD","National currency per US dollar","2015","2015","EUR","Euro","0","Units",,,0.798599,,
"AUT","Austria","PPPGDP","Purchasing Power Parities for GDP","CD","National currency per US dollar","2016","2016","EUR","Euro","0","Units",,,0.77701,,
"AUT","Austria","PPPGDP","Purchasing Power Parities for GDP","CD","National currency per US dollar","2017","2017","EUR","Euro","0","Units",,,0.77037,,
"AUT","Austria","PPPGDP","Purchasing Power Parities for GDP","CD","National currency per US dollar","2018","2018","EUR","Euro","0","Units",,,0.767172,,
"AUT","Austria","PPPGDP","Purchasing Power Parities for GDP","CD","National currency per US dollar","2019","2019","EUR","Euro","0","Units",,,0.765966,,
"GRC","Greece","PPPGDP","Purchasing Power Parities for GDP","CD","National currency per US dollar","2003","2003","EUR","Euro","0","Units",,,0.685831,,
"GRC","Greece","PPPGDP","Purchasing Power Parities for GDP","CD","National currency per US dollar","2004","2004","EUR","Euro","0","Units",,,0.695144,,
"GRC","Greece","PPPGDP","Purchasing Power Parities for GDP","CD","National currency per US dollar","2005","2005","EUR","Euro","0","Units",,,0.708976,,
"GRC","Greece","PPPGDP","Purchasing Power Parities for GDP","CD","National currency per US dollar","2006","2006","EUR","Euro","0","Units",,,0.693291,,
"GRC","Greece","PPPGDP","Purchasing Power Parities for GDP","CD","National currency per US dollar","2007","2007","EUR","Euro","0","Units",,,0.719064,,
"GRC","Greece","PPPGDP","Purchasing Power Parities for GDP","CD","National currency per US dollar","2008","2008","EUR","Euro","0","Units",,,0.707951,,
"GRC","Greece","PPPGDP","Purchasing Power Parities for GDP","CD","National currency per US dollar","2009","2009","EUR","Euro","0","Units",,,0.703755,,
"GRC","Greece","PPPGDP","Purchasing Power Parities for GDP","CD","National currency per US dollar","2010","2010","EUR","Euro","0","Units",,,0.721494,,
"GRC","Greece","PPPGDP","Purchasing Power Parities for GDP","CD","National currency per US dollar","2011","2011","EUR","Euro","0","Units",,,0.713163,,
"GRC","Greece","PPPGDP","Purchasing Power Parities for GDP","CD","National currency per US dollar","2012","2012","EUR","Euro","0","Units",,,0.684663,,
"GRC","Greece","PPPGDP","Purchasing Power Parities for GDP","CD","National currency per US dollar","2013","2013","EUR","Euro","0","Units",,,0.631286,,
"GRC","Greece","PPPGDP","Purchasing Power Parities for GDP","CD","National currency per US dollar","2014","2014","EUR","Euro","0","Units",,,0.611135,,
"GRC","Greece","PPPGDP","Purchasing Power Parities for GDP","CD","National currency per US dollar","2015","2015","EUR","Euro","0","Units",,,0.608907,,
"GRC","Greece","PPPGDP","Purchasing Power Parities for GDP","CD","National currency per US dollar","2016","2016","EUR","Euro","0","Units",,,0.588639,,
"GRC","Greece","PPPGDP","Purchasing Power Parities for GDP","CD","National currency per US dollar","2017","2017","EUR","Euro","0","Units",,,0.576064,,
"GRC","Greece","PPPGDP","Purchasing Power Parities for GDP","CD","National currency per US dollar","2018","2018","EUR","Euro","0","Units",,,0.566972,,
"GRC","Greece","PPPGDP","Purchasing Power Parities for GDP","CD","National currency per US dollar","2019","2019","EUR","Euro","0","Units",,,0.561411,,
"DEU","Germany","PPPGDP","Purchasing Power Parities for GDP","CD","National currency per US dollar","2003","2003","EUR","Euro","0","Units",,,0.896916,,
"DEU","Germany","PPPGDP","Purchasing Power Parities for GDP","CD","National currency per US dollar","2004","2004","EUR","Euro","0","Units",,,0.875857,,
"DEU","Germany","PPPGDP","Purchasing Power Parities for GDP","CD","National currency per US dollar","2005","2005","EUR","Euro","0","Units",,,0.872721,,
"DEU","Germany","PPPGDP","Purchasing Power Parities for GDP","CD","National currency per US dollar","2006","2006","EUR","Euro","0","Units",,,0.848598,,
"DEU","Germany","PPPGDP","Purchasing Power Parities for GDP","CD","National currency per US dollar","2007","2007","EUR","Euro","0","Units",,,0.838174,,
"DEU","Germany","PPPGDP","Purchasing Power Parities for GDP","CD","National currency per US dollar","2008","2008","EUR","Euro","0","Units",,,0.820401,,
"DEU","Germany","PPPGDP","Purchasing Power Parities for GDP","CD","National currency per US dollar","2009","2009","EUR","Euro","0","Units",,,0.810326,,
"DEU","Germany","PPPGDP","Purchasing Power Parities for GDP","CD","National currency per US dollar","2010","2010","EUR","Euro","0","Units",,,0.804502,,
"DEU","Germany","PPPGDP","Purchasing Power Parities for GDP","CD","National currency per US dollar","2011","2011","EUR","Euro","0","Units",,,0.788739,,
"DEU","Germany","PPPGDP","Purchasing Power Parities for GDP","CD","National currency per US dollar","2012","2012","EUR","Euro","0","Units",,,0.787246,,
"DEU","Germany","PPPGDP","Purchasing Power Parities for GDP","CD","National currency per US dollar","2013","2013","EUR","Euro","0","Units",,,0.774784,,
"DEU","Germany","PPPGDP","Purchasing Power Parities for GDP","CD","National currency per US dollar","2014","2014","EUR","Euro","0","Units",,,0.768937,,
"DEU","Germany","PPPGDP","Purchasing Power Parities for GDP","CD","National currency per US dollar","2015","2015","EUR","Euro","0","Units",,,0.777913,,
"DEU","Germany","PPPGDP","Purchasing Power Parities for GDP","CD","National currency per US dollar","2016","2016","EUR","Euro","0","Units",,,0.752684,,
"DEU","Germany","PPPGDP","Purchasing Power Parities for GDP","CD","National currency per US dollar","2017","2017","EUR","Euro","0","Units",,,0.740562,,
"DEU","Germany","PPPGDP","Purchasing Power Parities for GDP","CD","National currency per US dollar","2018","2018","EUR","Euro","0","Units",,,0.740758,,
"DEU","Germany","PPPGDP","Purchasing Power Parities for GDP","CD","National currency per US dollar","2019","2019","EUR","Euro","0","Units",,,0.741735,,
"BEL","Belgium","PPPGDP","Purchasing Power Parities for GDP","CD","National currency per US dollar","2003","2003","EUR","Euro","0","Units",,,0.877071,,
"BEL","Belgium","PPPGDP","Purchasing Power Parities for GDP","CD","National currency per US dollar","2004","2004","EUR","Euro","0","Units",,,0.889132,,
"BEL","Belgium","PPPGDP","Purchasing Power Parities for GDP","CD","National currency per US dollar","2005","2005","EUR","Euro","0","Units",,,0.891788,,
"BEL","Belgium","PPPGDP","Purchasing Power Parities for GDP","CD","National currency per US dollar","2006","2006","EUR","Euro","0","Units",,,0.875325,,
"BEL","Belgium","PPPGDP","Purchasing Power Parities for GDP","CD","National currency per US dollar","2007","2007","EUR","Euro","0","Units",,,0.879887,,
"BEL","Belgium","PPPGDP","Purchasing Power Parities for GDP","CD","National currency per US dollar","2008","2008","EUR","Euro","0","Units",,,0.86694,,
"BEL","Belgium","PPPGDP","Purchasing Power Parities for GDP","CD","National currency per US dollar","2009","2009","EUR","Euro","0","Units",,,0.849292,,
"BEL","Belgium","PPPGDP","Purchasing Power Parities for GDP","CD","National currency per US dollar","2010","2010","EUR","Euro","0","Units",,,0.836013,,
"BEL","Belgium","PPPGDP","Purchasing Power Parities for GDP","CD","National currency per US dollar","2011","2011","EUR","Euro","0","Units",,,0.831911,,
"BEL","Belgium","PPPGDP","Purchasing Power Parities for GDP","CD","National currency per US dollar","2012","2012","EUR","Euro","0","Units",,,0.822137,,
"BEL","Belgium","PPPGDP","Purchasing Power Parities for GDP","CD","National currency per US dollar","2013","2013","EUR","Euro","0","Units",,,0.806166,,
"BEL","Belgium","PPPGDP","Purchasing Power Parities for GDP","CD","National currency per US dollar","2014","2014","EUR","Euro","0","Units",,,0.800214,,
"BEL","Belgium","PPPGDP","Purchasing Power Parities for GDP","CD","National currency per US dollar","2015","2015","EUR","Euro","0","Units",,,0.799784,,
"BEL","Belgium","PPPGDP","Purchasing Power Parities for GDP","CD","National currency per US dollar","2016","2016","EUR","Euro","0","Units",,,0.78109,,
"BEL","Belgium","PPPGDP","Purchasing Power Parities for GDP","CD","National currency per US dollar","2017","2017","EUR","Euro","0","Units",,,0.772879,,
"BEL","Belgium","PPPGDP","Purchasing Power Parities for GDP","CD","National currency per US dollar","2018","2018","EUR","Euro","0","Units",,,0.769659,,
"BEL","Belgium","PPPGDP","Purchasing Power Parities for GDP","CD","National currency per US dollar","2019","2019","EUR","Euro","0","Units",,,0.768387,,
"FRA","France","PPPGDP","Purchasing Power Parities for GDP","CD","National currency per US dollar","2003","2003","EUR","Euro","0","Units",,,0.93091,,
"FRA","France","PPPGDP","Purchasing Power Parities for GDP","CD","National currency per US dollar","2004","2004","EUR","Euro","0","Units",,,0.935975,,
"FRA","France","PPPGDP","Purchasing Power Parities for GDP","CD","National currency per US dollar","2005","2005","EUR","Euro","0","Units",,,0.916458,,
"FRA","France","PPPGDP","Purchasing Power Parities for GDP","CD","National currency per US dollar","2006","2006","EUR","Euro","0","Units",,,0.895768,,
"FRA","France","PPPGDP","Purchasing Power Parities for GDP","CD","National currency per US dollar","2007","2007","EUR","Euro","0","Units",,,0.889696,,
"FRA","France","PPPGDP","Purchasing Power Parities for GDP","CD","National currency per US dollar","2008","2008","EUR","Euro","0","Units",,,0.881874,,
"FRA","France","PPPGDP","Purchasing Power Parities for GDP","CD","National currency per US dollar","2009","2009","EUR","Euro","0","Units",,,0.862136,,
"FRA","France","PPPGDP","Purchasing Power Parities for GDP","CD","National currency per US dollar","2010","2010","EUR","Euro","0","Units",,,0.854061,,
"FRA","France","PPPGDP","Purchasing Power Parities for GDP","CD","National currency per US dollar","2011","2011","EUR","Euro","0","Units",,,0.841361,,
"FRA","France","PPPGDP","Purchasing Power Parities for GDP","CD","National currency per US dollar","2012","2012","EUR","Euro","0","Units",,,0.844301,,
"FRA","France","PPPGDP","Purchasing Power Parities for GDP","CD","National currency per US dollar","2013","2013","EUR","Euro","0","Units",,,0.811643,,
"FRA","France","PPPGDP","Purchasing Power Parities for GDP","CD","National currency per US dollar","2014","2014","EUR","Euro","0","Units",,,0.807565,,
"FRA","France","PPPGDP","Purchasing Power Parities for GDP","CD","National currency per US dollar","2015","2015","EUR","Euro","0","Units",,,0.808478,,
"FRA","France","PPPGDP","Purchasing Power Parities for GDP","CD","National currency per US dollar","2016","2016","EUR","Euro","0","Units",,,0.780123,,
"FRA","France","PPPGDP","Purchasing Power Parities for GDP","CD","National currency per US dollar","2017","2017","EUR","Euro","0","Units",,,0.766438,,
"FRA","France","PPPGDP","Purchasing Power Parities for GDP","CD","National currency per US dollar","2018","2018","EUR","Euro","0","Units",,,0.756398,,
"FRA","France","PPPGDP","Purchasing Power Parities for GDP","CD","National currency per US dollar","2019","2019","EUR","Euro","0","Units",,,0.754103,,
"ESP","Spain","PPPGDP","Purchasing Power Parities for GDP","CD","National currency per US dollar","2003","2003","EUR","Euro","0","Units",,,0.760094,,
"ESP","Spain","PPPGDP","Purchasing Power Parities for GDP","CD","National currency per US dollar","2004","2004","EUR","Euro","0","Units",,,0.76659,,
"ESP","Spain","PPPGDP","Purchasing Power Parities for GDP","CD","National currency per US dollar","2005","2005","EUR","Euro","0","Units",,,0.769508,,
"ESP","Spain","PPPGDP","Purchasing Power Parities for GDP","CD","National currency per US dollar","2006","2006","EUR","Euro","0","Units",,,0.736886,,
"ESP","Spain","PPPGDP","Purchasing Power Parities for GDP","CD","National currency per US dollar","2007","2007","EUR","Euro","0","Units",,,0.733172,,
"ESP","Spain","PPPGDP","Purchasing Power Parities for GDP","CD","National currency per US dollar","2008","2008","EUR","Euro","0","Units",,,0.725862,,
"ESP","Spain","PPPGDP","Purchasing Power Parities for GDP","CD","National currency per US dollar","2009","2009","EUR","Euro","0","Units",,,0.71799,,
"ESP","Spain","PPPGDP","Purchasing Power Parities for GDP","CD","National currency per US dollar","2010","2010","EUR","Euro","0","Units",,,0.726439,,
"ESP","Spain","PPPGDP","Purchasing Power Parities for GDP","CD","National currency per US dollar","2011","2011","EUR","Euro","0","Units",,,0.714129,,
"ESP","Spain","PPPGDP","Purchasing Power Parities for GDP","CD","National currency per US dollar","2012","2012","EUR","Euro","0","Units",,,0.694976,,
"ESP","Spain","PPPGDP","Purchasing Power Parities for GDP","CD","National currency per US dollar","2013","2013","EUR","Euro","0","Units",,,0.6748,,
"ESP","Spain","PPPGDP","Purchasing Power Parities for GDP","CD","National currency per US dollar","2014","2014","EUR","Euro","0","Units",,,0.662359,,
"ESP","Spain","PPPGDP","Purchasing Power Parities for GDP","CD","National currency per US dollar","2015","2015","EUR","Euro","0","Units",,,0.664562,,
"ESP","Spain","PPPGDP","Purchasing Power Parities for GDP","CD","National currency per US dollar","2016","2016","EUR","Euro","0","Units",,,0.642709,,
"ESP","Spain","PPPGDP","Purchasing Power Parities for GDP","CD","National currency per US dollar","2017","2017","EUR","Euro","0","Units",,,0.630102,,
"ESP","Spain","PPPGDP","Purchasing Power Parities for GDP","CD","National currency per US dollar","2018","2018","EUR","Euro","0","Units",,,0.634572,,
"ESP","Spain","PPPGDP","Purchasing Power Parities for GDP","CD","National currency per US dollar","2019","2019","EUR","Euro","0","Units",,,0.633171,,
"SWE","Sweden","PPPGDP","Purchasing Power Parities for GDP","CD","National currency per US dollar","2003","2003","SEK","Swedish Krona","0","Units",,,9.496355,,
"SWE","Sweden","PPPGDP","Purchasing Power Parities for GDP","CD","National currency per US dollar","2004","2004","SEK","Swedish Krona","0","Units",,,9.302737,,
"SWE","Sweden","PPPGDP","Purchasing Power Parities for GDP","CD","National currency per US dollar","2005","2005","SEK","Swedish Krona","0","Units",,,9.479182,,
"SWE","Sweden","PPPGDP","Purchasing Power Parities for GDP","CD","National currency per US dollar","2006","2006","SEK","Swedish Krona","0","Units",,,9.122465,,
"SWE","Sweden","PPPGDP","Purchasing Power Parities for GDP","CD","National currency per US dollar","2007","2007","SEK","Swedish Krona","0","Units",,,8.882136,,
"SWE","Sweden","PPPGDP","Purchasing Power Parities for GDP","CD","National currency per US dollar","2008","2008","SEK","Swedish Krona","0","Units",,,8.778986,,
"SWE","Sweden","PPPGDP","Purchasing Power Parities for GDP","CD","National currency per US dollar","2009","2009","SEK","Swedish Krona","0","Units",,,8.912164,,
"SWE","Sweden","PPPGDP","Purchasing Power Parities for GDP","CD","National currency per US dollar","2010","2010","SEK","Swedish Krona","0","Units",,,9.018593,,
"SWE","Sweden","PPPGDP","Purchasing Power Parities for GDP","CD","National currency per US dollar","2011","2011","SEK","Swedish Krona","0","Units",,,8.844042,,
"SWE","Sweden","PPPGDP","Purchasing Power Parities for GDP","CD","National currency per US dollar","2012","2012","SEK","Swedish Krona","0","Units",,,8.654768,,
"SWE","Sweden","PPPGDP","Purchasing Power Parities for GDP","CD","National currency per US dollar","2013","2013","SEK","Swedish Krona","0","Units",,,8.597681,,
"SWE","Sweden","PPPGDP","Purchasing Power Parities for GDP","CD","National currency per US dollar","2014","2014","SEK","Swedish Krona","0","Units",,,8.727131,,
"SWE","Sweden","PPPGDP","Purchasing Power Parities for GDP","CD","National currency per US dollar","2015","2015","SEK","Swedish Krona","0","Units",,,8.852008,,
"SWE","Sweden","PPPGDP","Purchasing Power Parities for GDP","CD","National currency per US dollar","2016","2016","SEK","Swedish Krona","0","Units",,,8.823478,,
"SWE","Sweden","PPPGDP","Purchasing Power Parities for GDP","CD","National currency per US dollar","2017","2017","SEK","Swedish Krona","0","Units",,,8.719468,,
"SWE","Sweden","PPPGDP","Purchasing Power Parities for GDP","CD","National currency per US dollar","2018","2018","SEK","Swedish Krona","0","Units",,,8.828738,,
"SWE","Sweden","PPPGDP","Purchasing Power Parities for GDP","CD","National currency per US dollar","2019","2019","SEK","Swedish Krona","0","Units",,,8.918006,,
